<ImportExportXml version="9.2.22024.136" SolutionPackageVersion="9.2" languagecode="1033" generatedBy="CrmLive" xmlns:xsi="http://www.w3.org/2001/XMLSchema-instance">
  <SolutionManifest>
    <UniqueName>AIRAppSolution</UniqueName>
    <LocalizedNames>
      <LocalizedName description="AIRAppSolution" languagecode="1033" />
    </LocalizedNames>
    <Descriptions>
      <Description description="Upgrade of AIRAppSolution" languagecode="1033" />
    </Descriptions>
    <Version>2.0.0.0</Version>
    <Managed>1</Managed>
    <Publisher>
      <UniqueName>airapppublisher</UniqueName>
      <LocalizedNames>
        <LocalizedName description="air app publisher" languagecode="1033" />
      </LocalizedNames>
      <Descriptions />
      <EMailAddress xsi:nil="true"></EMailAddress>
      <SupportingWebsiteUrl xsi:nil="true"></SupportingWebsiteUrl>
      <CustomizationPrefix>new</CustomizationPrefix>
      <CustomizationOptionValuePrefix>10000</CustomizationOptionValuePrefix>
      <Addresses>
        <Address>
          <AddressNumber>1</AddressNumber>
          <AddressTypeCode>1</AddressTypeCode>
          <City xsi:nil="true"></City>
          <County xsi:nil="true"></County>
          <Country xsi:nil="true"></Country>
          <Fax xsi:nil="true"></Fax>
          <FreightTermsCode xsi:nil="true"></FreightTermsCode>
          <ImportSequenceNumber xsi:nil="true"></ImportSequenceNumber>
          <Latitude xsi:nil="true"></Latitude>
          <Line1 xsi:nil="true"></Line1>
          <Line2 xsi:nil="true"></Line2>
          <Line3 xsi:nil="true"></Line3>
          <Longitude xsi:nil="true"></Longitude>
          <Name xsi:nil="true"></Name>
          <PostalCode xsi:nil="true"></PostalCode>
          <PostOfficeBox xsi:nil="true"></PostOfficeBox>
          <PrimaryContactName xsi:nil="true"></PrimaryContactName>
          <ShippingMethodCode>1</ShippingMethodCode>
          <StateOrProvince xsi:nil="true"></StateOrProvince>
          <Telephone1 xsi:nil="true"></Telephone1>
          <Telephone2 xsi:nil="true"></Telephone2>
          <Telephone3 xsi:nil="true"></Telephone3>
          <TimeZoneRuleVersionNumber xsi:nil="true"></TimeZoneRuleVersionNumber>
          <UPSZone xsi:nil="true"></UPSZone>
          <UTCOffset xsi:nil="true"></UTCOffset>
          <UTCConversionTimeZoneCode xsi:nil="true"></UTCConversionTimeZoneCode>
        </Address>
        <Address>
          <AddressNumber>2</AddressNumber>
          <AddressTypeCode>1</AddressTypeCode>
          <City xsi:nil="true"></City>
          <County xsi:nil="true"></County>
          <Country xsi:nil="true"></Country>
          <Fax xsi:nil="true"></Fax>
          <FreightTermsCode xsi:nil="true"></FreightTermsCode>
          <ImportSequenceNumber xsi:nil="true"></ImportSequenceNumber>
          <Latitude xsi:nil="true"></Latitude>
          <Line1 xsi:nil="true"></Line1>
          <Line2 xsi:nil="true"></Line2>
          <Line3 xsi:nil="true"></Line3>
          <Longitude xsi:nil="true"></Longitude>
          <Name xsi:nil="true"></Name>
          <PostalCode xsi:nil="true"></PostalCode>
          <PostOfficeBox xsi:nil="true"></PostOfficeBox>
          <PrimaryContactName xsi:nil="true"></PrimaryContactName>
          <ShippingMethodCode>1</ShippingMethodCode>
          <StateOrProvince xsi:nil="true"></StateOrProvince>
          <Telephone1 xsi:nil="true"></Telephone1>
          <Telephone2 xsi:nil="true"></Telephone2>
          <Telephone3 xsi:nil="true"></Telephone3>
          <TimeZoneRuleVersionNumber xsi:nil="true"></TimeZoneRuleVersionNumber>
          <UPSZone xsi:nil="true"></UPSZone>
          <UTCOffset xsi:nil="true"></UTCOffset>
          <UTCConversionTimeZoneCode xsi:nil="true"></UTCConversionTimeZoneCode>
        </Address>
      </Addresses>
    </Publisher>
    <RootComponents>
      <RootComponent type="1" schemaName="new_air_assetinformationrequirements" behavior="0" />
      <RootComponent type="1" schemaName="new_air_asset_classification" behavior="0" />
      <RootComponent type="1" schemaName="new_air_asset_information_requirements_sub" behavior="0" />
      <RootComponent type="1" schemaName="new_air_asset_sub_system" behavior="0" />
      <RootComponent type="1" schemaName="new_air_asset_system" behavior="0" />
      <RootComponent type="1" schemaName="new_air_datatypes" behavior="0" />
      <RootComponent type="1" schemaName="new_air_functionalinformationrequirements" behavior="0" />
      <RootComponent type="1" schemaName="new_air_functional_output" behavior="0" />
      <RootComponent type="1" schemaName="new_air_informationrequirementscategory" behavior="0" />
      <RootComponent type="1" schemaName="new_air_mailing_list" behavior="0" />
      <RootComponent type="1" schemaName="new_air_mission_statements" behavior="0" />
      <RootComponent type="1" schemaName="new_air_objectives" behavior="0" />
      <RootComponent type="1" schemaName="new_air_objectivesoircategory" behavior="0" />
      <RootComponent type="1" schemaName="new_air_organisationinformationrequirements" behavior="0" />
      <RootComponent type="1" schemaName="new_air_projects" behavior="0" />
      <RootComponent type="1" schemaName="new_air_project_objectives" behavior="0" />
      <RootComponent type="1" schemaName="new_air_summaryexport" behavior="0" />
      <RootComponent type="1" schemaName="new_air_user" behavior="0" />
      <RootComponent type="29" id="{cc68e1f5-510e-ec11-b6e6-00224800ba1d}" behavior="0" />
      <RootComponent type="62" schemaName="new_AIRModelDrivenApp" behavior="0" />
      <RootComponent type="80" schemaName="new_AIRModelDrivenApp" behavior="0" />
      <RootComponent type="300" schemaName="new_airassetinformationrequirements_2b780" behavior="0" />
    </RootComponents>
    <MissingDependencies>
      <MissingDependency>
        <Required type="61" schemaName="msdyn_/Images/AppModule_Default_Icon.png" displayName="msdyn_/Images/AppModule_Default_Icon.png" solution="AppModuleWebResources (2.5)" />
        <Dependent type="80" schemaName="new_AIRModelDrivenApp" displayName="AIR_Model_Driven_App" />
      </MissingDependency>
    </MissingDependencies>
  </SolutionManifest>
</ImportExportXml>