{
  "properties": {
    "connectionReferences": {
      "shared_onedriveforbusiness": {
        "runtimeSource": "invoker",
        "connection": {
          "connectionReferenceLogicalName": "new_sharedonedriveforbusiness_39016"
        },
        "api": {
          "name": "shared_onedriveforbusiness"
        }
      }
    },
    "definition": {
      "$schema": "https://schema.management.azure.com/providers/Microsoft.Logic/schemas/2016-06-01/workflowdefinition.json#",
      "contentVersion": "1.0.0.0",
      "parameters": {
        "$connections": {
          "defaultValue": {},
          "type": "Object"
        },
        "$authentication": {
          "defaultValue": {},
          "type": "SecureObject"
        }
      },
      "triggers": {
        "manual": {
          "metadata": {
            "operationMetadataId": "51cb60c4-bdf8-4a1b-8d93-953852cdc74c"
          },
          "type": "Request",
          "kind": "PowerApp",
          "inputs": {
            "schema": {
              "type": "object",
              "properties": {
                "Createfile_FileContent": {
                  "type": "string"
                },
                "Createfile_FileName": {
                  "type": "string"
                }
              },
              "required": [
                "Createfile_FileContent",
                "Createfile_FileName"
              ]
            }
          }
        }
      },
      "actions": {
        "Create_CSV_file": {
          "runAfter": {},
          "metadata": {
            "operationMetadataId": "099d1776-6f82-49ec-8aea-141b4787bb59"
          },
          "type": "OpenApiConnection",
          "inputs": {
            "host": {
              "connectionName": "shared_onedriveforbusiness",
              "operationId": "CreateFile",
              "apiId": "/providers/Microsoft.PowerApps/apis/shared_onedriveforbusiness"
            },
            "parameters": {
              "folderPath": "/",
              "name": "@{triggerBody()['Createfile_FileName']}.csv",
              "body": "@triggerBody()['Createfile_FileContent']"
            },
            "authentication": {
              "type": "Raw",
              "value": "@json(decodeBase64(triggerOutputs().headers['X-MS-APIM-Tokens']))['$ConnectionKey']"
            }
          },
          "runtimeConfiguration": {
            "contentTransfer": {
              "transferMode": "Chunked"
            }
          }
        },
        "Respond_to_a_PowerApp_or_flow": {
          "runAfter": {
            "Create_CSV_file": [
              "Succeeded"
            ]
          },
          "metadata": {
            "operationMetadataId": "6343f79b-cdd5-4913-931e-b3ac9cda2911"
          },
          "type": "Response",
          "kind": "PowerApp",
          "inputs": {
            "statusCode": 200,
            "body": {
              "completed": "true"
            },
            "schema": {
              "type": "object",
              "properties": {
                "completed": {
                  "title": "Completed",
                  "x-ms-dynamically-added": true,
                  "type": "string"
                }
              }
            }
          }
        }
      },
      "outputs": {}
    }
  },
  "schemaVersion": "1.0.0.0"
}